[{
        "si": "1",
        "designation": "কেন্দ্রীয় দপ্তর সম্পাদক",
        "Name": "মঞ্জুরুল ইসলাম",
        "Telegram": "rmonzur91",
        "Id": "670890782"
    },
    {
        "si": "2",
        "designation": "ছাত্রআন্দোলন সম্পাদক",
        "Name": "হাবিবুর রহমান",
        "Telegram": "MHRahman22",
        "Id": "5100655245"
    },
    {
        "si": "3",
        "designation": "কেন্দ্রীয় সাহিত্য সম্পাদক",
        "Name": "জাহিদুল ইসলাম",
        "Telegram": "jahid92",
        "Id": "324896752"
    },
    {
        "si": "4",
        "designation": "স্পোর্টস সম্পাদক",
        "Name": "আব্দুল্লাহ আল মাহমুদ",
        "Telegram": "little21",
        "Id": "5108684674"
    },
    {
        "si": "5",
        "designation": "কেন্দ্রীয় প্ল্যানিং এ্যান্ড ডেভেলপমেন্ট সম্পাদক",
        "Name": "শাহরিয়ার ফয়সাল",
        "Telegram": "shariarfaysal",
        "Id": "235748480"
    },
    {
        "si": "6",
        "designation": "কেন্দ্রীয় দাওয়াহ সম্পাদক",
        "Name": "হাফেজ নুরুজ্জামান",
        "Telegram": "nabilru",
        "Id": "2015236820"
    },
    {
        "si": "7",
        "designation": "কেন্দ্রীয় অর্থ সম্পাদক",
        "Name": "এনামুল হক",
        "Telegram": "enmul_21",
        "Id": "1394607957"
    },
    {
        "si": "8",
        "designation": "কেন্দ্রীয় প্রচার সম্পাদক",
        "Name": "ফখরুল আলম সিফাত",
        "Telegram": "Fakhrul0103",
        "Id": "1017267712"
    },
    {
        "si": "9",
        "designation": "কেন্দ্রীয় গবেষণা সম্পাদক",
        "Name": "আব্দুল্লাহ আবিদ",
        "Telegram": "Spotlight09",
        "Id": "1829902147"
    },
    {
        "si": "10",
        "designation": "কেন্দ্রীয় বিজ্ঞান সম্পাদক",
        "Name": "আহমেদ ইয়াসীন",
        "Telegram": "AhmedYaseen_BD",
        "Id": "2048304221"
    },
    {
        "si": "11",
        "designation": "কেন্দ্রীয় বিতর্ক সম্পাদক",
        "Name": "আশিকুর রহমান",
        "Telegram": "ar_ashiq",
        "Id": "1592274616"
    },
    {
        "si": "12",
        "designation": "কেন্দ্রীয় স্কুল কার্যsi সম্পাদক",
        "Name": "হাফেজ মুজাহিদুল ইসলাম",
        "Telegram": "jarif21",
        "Id": "916560684"
    },
    {
        "si": "13",
        "designation": "কেন্দ্রীয় ফাউন্ডেশন সম্পাদক",
        "Name": "তাহসিনুর রহমান",
        "Telegram": "Tahsinur_Rahman",
        "Id": "1556529767"
    },
    {
        "si": "14",
        "designation": "কেন্দ্রীয় প্রকাশনা সম্পাদক",
        "Name": "সালমান ফারসী",
        "Telegram": "ru_optimistic",
        "Id": "348228278"
    },
    {
        "si": "15",
        "designation": "কেন্দ্রীয় কলেজ কার্যsi সম্পাদক",
        "Name": "আবদুল্লাহ আল মারুফ",
        "Telegram": "Ab_Maruf",
        "Id": "5075954192"
    },
    {
        "si": "16",
        "designation": "কেন্দ্রীয় ব্যবসায় শিক্ষা সম্পাদক",
        "Name": "নোমান আল ফারাবী",
        "Telegram": "noman59",
        "Id": "2061044654"
    },
    {
        "si": "17",
        "designation": "কেন্দ্রীয় শিক্ষা ও মানবসম্পদ ব্যবস্থাপনা সম্পাদক",
        "Name": "ফারহান সাদিক",
        "Telegram": "SadikFarhan",
        "Id": "1527142996"
    },
    {
        "si": "18",
        "designation": "কেন্দ্রীয় এইচআরডি সম্পাদক",
        "Name": "হাফেজ নূরুল আওয়াল",
        "Telegram": "nurulawal53",
        "Id": "512335387"
    },
    {
        "si": "19",
        "designation": "কেন্দ্রীয় মাদরাসা কার্যsi সম্পাদক",
        "Name": "সাইফুল ইসলাম",
        "Telegram": "MDISLAMSAIFUL",
        "Id": "467665646"
    },
    {
        "si": "20",
        "designation": "কেন্দ্রীয় তথ্য সম্পাদক",
        "Name": "আমান উল্লাহ আমান",
        "Telegram": "8.8176E+12",
        "Id": "264404189"
    },
    {
        "si": "21",
        "designation": "কেন্দ্রীয় মানবাধিকার বিষয়ক সম্পাদক",
        "Name": "এস এম আমজাদ হোসাইন",
        "Telegram": "8.8185E+12",
        "Id": "526605531"
    },
    {
        "si": "22",
        "designation": "কেন্দ্রীয় ছাত্রকল্যাণ সম্পাদক",
        "Name": "নোমান শিকদার",
        "Telegram": "smhalnoman",
        "Id": "1640897345"
    },
    {
        "si": "23",
        "designation": "কেন্দ্রীয় পাঠাগার সম্পাদক",
        "Name": "হাফেজ শাহাবুদ্দিন সরকার",
        "Telegram": "Shahab2018Uddin",
        "Id": "673668357"
    },
    {
        "si": "24",
        "designation": "কেন্দ্রীয় মিডিয়া সম্পাদক",
        "Name": "নজরুল ইসলাম",
        "Telegram": "NI28N",
        "Id": "270665581"
    },
    {
        "si": "25",
        "designation": "কেন্দ্রীয় আন্তর্জাতিক সম্পাদক",
        "Name": "উমায়ের আব্দুল্লাহ",
        "Telegram": "entropy93",
        "Id": "989831983"
    },
    {
        "si": "26",
        "designation": "কেন্দ্রীয় আইন সম্পাদক",
        "Name": "মুজাহিদুল ইসলাম",
        "Telegram": "Ibnshahid",
        "Id": "1207921130"
    },
    {
        "si": "27",
        "designation": "কেন্দ্রীয় শিশুকল্যাণ সম্পাদক",
        "Name": "আহমাদ সাফওয়ান",
        "Telegram": "Safwan_Ahmad",
        "Id": "5022537812"
    },
    {
        "si": "28",
        "designation": "কেন্দ্রীয় পরিবেশ ও সমাজসেবা সম্পাদক",
        "Name": "সাঈদ জামিল",
        "Telegram": "SayeedJamil",
        "Id": "1343341758"
    },
    {
        "si": "29",
        "designation": "কেন্দ্রীয় তথ্যপ্রযুক্তি ও সোশ্যাল মিডিয়া সম্পাদক",
        "Name": "ইফতেখার মুয়াজ",
        "Telegram": "Muaz03",
        "Id": "956905735"
    },
    {
        "si": "30",
        "designation": "কেন্দ্রীয় শিল্প ও সংস্কৃতি সম্পাদক",
        "Name": "আব্দুল্লাহ আল নোমান",
        "Telegram": "Nmollik",
        "Id": "878546633"
    }
]
