module,chapter,question_pattern,question_title,option_1,option_2,option_3,answer,reference,level
"MODULE 3. ELECTRICAL FUNDAMENTALS","3.1 Electron Theory",mcq,"A good electrical insulating material will contain:","Only a small number of electrons in the outer shell of each atom of the material.","Strongly bound electrons in the atoms of the material.","Weakly bound 'free' electrons in the atoms of the material.","strongly bound electrons in the atoms of the material.","Training Note-3.1",Undefined
"MODULE 3. ELECTRICAL FUNDAMENTALS","3.1 Electron Theory",mcq,"An oxygen molecule is made up of;","two oxygen atoms sharing neutrons.","two oxygen atoms sharing protons.","two oxygen atoms sharing electrons.","two oxygen atoms sharing electrons.",,Undefined
"MODULE 3. ELECTRICAL FUNDAMENTALS","3.1 Electron Theory",mcq,"A neutron has;","the opposite charge to an Electron but half the weight of a proton.","the same charge as an Electron but half the mass.","no electrical charge but will add weight to the nucleus.","no electrical charge but will add weight to the nucleus.","Training Note-3.1.1.1","Level 1"
"MODULE 3. ELECTRICAL FUNDAMENTALS","3.1 Electron Theory",mcq,"The unit which consists of two or more different types of atoms is known as a:","particle of an element.","molecule of a compound.","molecule of an element.","molecule of a compound.","Training Note-3.1.1.4","Level 1"
"MODULE 3. ELECTRICAL FUNDAMENTALS","3.1 Electron Theory",mcq,"The smallest particle that a substance can be split and show the same properties as the whole are known as;","an Element.","a Molecule.","an Atom.","an Atom.","Training Note-3.1.1.1","Level 1"
"MODULE 3. ELECTRICAL FUNDAMENTALS","3.1 Electron Theory",mcq,"What charge does the nucleus of an atom possess?",Positive,Neutral,Negative,Positive.,"Training Note-3.1.1.1","Level 1"
"MODULE 3. ELECTRICAL FUNDAMENTALS","3.1 Electron Theory",mcq,"What is the maximum number of electrons in shell N of an atom?",18,32,16,32,"Training Note-3.1.1.4","Level 1"
"MODULE 3. ELECTRICAL FUNDAMENTALS","3.1 Electron Theory",mcq,"If electrons are added to an atom it becomes:","a neutral ion.","a positive ion.","a negative ion.","a negative ion.","Training Note-3.1.1.3","Level 1"
"MODULE 3. ELECTRICAL FUNDAMENTALS","3.1 Electron Theory",mcq,"Elements whose atoms have fewer than 4 electrons in their valency shell are;",Semiconductors.,"Good insulators.","Good conductors.","good conductors.","Training Note-3.1.2.1","Level 1"
"MODULE 3. ELECTRICAL FUNDAMENTALS","3.1 Electron Theory",mcq,"The charge on a proton is:",Positive.,Negative.,Neutral.,Positive.,"Training Note-3.1.11","Level 1"
"MODULE 3. ELECTRICAL FUNDAMENTALS","3.1 Electron Theory",mcq,"What is a molecule?","The smallest part of an atom.","The smallest part of a compound.","The smallest part of an electron.","The smallest part of a compound.","Training Note-3.1.1.4","Level 1"
"MODULE 3. ELECTRICAL FUNDAMENTALS","3.1 Electron Theory",mcq,"An element could be considered to be a conductor if it has;","a small number of electrons in its outer orbit.","a large number of electrons in its outer orbit.","a large number of electrons.","a small number of electrons in its outer orbit.","Training Note-3.1.2.1","Level 1"
